date_mm_dd_yyyy,time_hh_mm_ss,time_fract_sec,site_name,chlorophyll_rfu,chlorophyll_ug_l,cond_m_s_cm,depth_m,f_dom_qsu,f_dom_rfu,n_lf_cond_m_s_cm,odo_percent_sat,odo_percent_local,odo_mg_l,pressure_psi_a,sal_psu,sp_cond_m_s_cm,bga_pc_rfu,bga_pc_ug_l,tds_mg_l,wiper_position_volt,temp_c,vertical_position_m,gps_latitude,gps_longitude,altitude_m,battery_v,cable_pwr_v,barometer_mm_hg
2021-05-08,15:57:43,0.0,L378*I,0.02,0.08,32.0,-0.575,12.41,4.23,35.5,76.1,76.1,6.90,-0.816,0.02,35.2,0.04,0.05,23,1.208,20.132,-0.567,0.00000,0.00000,0.0,0.00,12.0,727.7
2021-05-12,08:59:42,0.0,L378*D,0.01,0.07,35.5,-0.493,14.78,5.02,40.1,93.7,93.7,8.62,-0.700,0.02,39.7,0.03,0.03,26,1.211,19.408,-0.490,0.00000,0.00000,0.0,6.32,12.0,734.0
2021-05-24,09:49:35,0.0,L378*D,0.52,2.14,16.0,0.843,29.53,9.99,19.7,97.0,97.0,9.61,1.198,0.01,19.4,0.04,0.04,13,1.211,15.845,0.842,49.71320,-93.77618,395.6,6.34,12.0,722.4
2021-05-24,10:07:00,0.0,L378*D,0.44,1.82,16.0,0.753,30.31,10.25,19.6,90.5,90.5,8.94,1.070,0.01,19.3,0.02,0.02,13,1.210,15.969,0.752,49.71330,-93.77632,393.9,6.34,12.0,722.3
2021-05-24,10:22:30,0.0,L378*C,0.59,2.42,16.0,0.963,29.83,10.09,19.6,96.9,96.9,9.60,1.369,0.01,19.3,0.04,0.04,13,1.211,15.861,0.960,49.71342,-93.77653,395.7,6.33,12.0,723.0
2021-05-24,10:32:34,0.0,L378*D,0.66,2.72,16.0,0.841,29.53,9.99,19.6,97.3,97.3,9.64,1.194,0.01,19.4,-0.01,0.00,13,1.211,15.794,0.846,49.71347,-93.77684,397.3,6.33,12.0,723.1
2021-05-24,10:41:54,0.0,L378*E,0.73,3.00,15.9,0.796,29.72,10.06,19.7,96.4,96.4,9.58,1.131,0.01,19.4,0.04,0.05,13,1.211,15.705,0.797,49.71355,-93.77719,398.6,6.33,12.0,723.2
2021-05-24,10:51:41,0.0,L378*F,0.49,2.03,16.0,0.814,29.93,10.13,19.7,95.9,95.9,9.48,1.157,0.01,19.4,0.04,0.04,13,1.211,15.890,0.837,49.71345,-93.77608,396.9,6.32,12.0,722.9
2021-05-24,11:01:19,0.0,L378*G,0.54,2.24,16.0,0.720,29.76,10.07,19.7,97.1,97.1,9.62,1.022,0.01,19.4,0.01,0.02,13,1.210,15.811,0.712,49.71355,-93.77631,395.0,6.32,12.0,722.9
2021-05-24,11:10:47,0.0,L378*H,0.54,2.22,15.9,0.849,29.88,10.11,19.6,98.5,98.5,9.77,1.206,0.01,19.4,0.03,0.04,13,1.211,15.760,0.851,49.71359,-93.77654,397.7,6.32,12.0,722.7
2021-05-24,11:19:20,0.0,L378*I,0.47,1.92,16.0,0.759,29.93,10.13,19.6,97.8,97.8,9.69,1.078,0.01,19.4,0.04,0.04,13,1.211,15.796,0.696,49.71376,-93.77679,396.7,6.32,12.0,722.9
2021-05-31,10:01:28,0.0,L378*A,0.12,0.50,16.0,0.928,26.20,8.87,19.9,96.2,96.2,9.63,1.318,0.01,19.6,0.05,0.05,13,1.211,15.361,0.952,49.71318,-93.77616,392.6,6.31,12.0,729.7
2021-05-31,10:36:05,0.0,L378*B,0.24,1.00,16.0,0.934,26.96,9.13,19.9,97.5,97.5,9.74,1.327,0.01,19.6,0.03,0.03,13,1.211,15.423,0.933,49.71330,-93.77628,395.9,6.32,11.9,729.8
2021-05-31,11:05:57,0.0,L378*C,0.19,0.79,16.1,0.925,26.40,8.94,19.9,96.6,96.6,9.63,1.314,0.01,19.6,0.02,0.03,13,1.209,15.577,0.928,49.71341,-93.77655,393.7,6.31,11.9,729.7
2021-05-31,11:25:48,0.0,L378*D,0.20,0.85,16.1,0.943,26.59,9.00,19.9,97.8,97.8,9.76,1.340,0.01,19.6,0.04,0.04,13,1.209,15.449,0.940,49.71348,-93.77681,397.5,6.32,12.0,729.8
2021-05-31,11:26:23,0.0,L378*D,0.22,0.91,16.1,0.945,26.63,9.01,19.9,97.8,97.8,9.78,1.342,0.01,19.7,0.01,0.02,13,1.209,15.421,0.961,49.71348,-93.77680,396.9,6.32,12.0,729.8
2021-05-31,11:47:28,0.0,L378*E,0.13,0.56,16.2,0.923,25.94,8.78,19.7,92.7,92.7,9.12,1.312,0.01,19.5,0.02,0.02,13,1.209,16.156,0.931,49.71355,-93.77716,394.3,6.31,12.0,729.7
2021-05-31,11:59:22,0.0,L378*F,0.23,0.95,16.1,0.903,26.16,8.86,19.9,96.1,96.1,9.54,1.283,0.01,19.6,0.03,0.03,13,1.209,15.685,0.939,49.71346,-93.77605,396.3,6.32,12.0,729.6
2021-05-31,12:10:22,0.0,L378*G,0.16,0.67,16.2,0.865,25.89,8.76,19.8,91.9,91.9,9.07,1.228,0.01,19.5,0.02,0.03,13,1.209,15.983,0.907,49.71356,-93.77628,397.5,6.31,12.0,729.7
2021-05-31,12:18:21,0.0,L378*H,0.11,0.47,16.1,0.895,26.35,8.92,19.7,92.4,92.4,9.12,1.271,0.01,19.5,0.04,0.04,13,1.209,15.988,0.941,49.71359,-93.77650,396.7,6.32,12.0,729.6
2021-05-31,12:27:10,0.0,L378*I,0.11,0.48,16.2,0.885,26.28,8.90,19.7,94.5,94.5,9.29,1.257,0.01,19.5,0.02,0.02,13,1.209,16.171,0.935,49.71376,-93.77682,397.2,6.32,12.0,729.6
2021-06-07,09:46:14,0.0,L378*B,0.11,0.46,18.9,0.679,21.89,7.42,20.2,97.5,97.5,8.55,0.964,0.01,20.1,0.02,0.02,13,1.209,21.836,0.679,49.71331,-93.77636,392.0,6.30,11.9,722.1
2021-06-07,09:58:52,0.0,L378*H,0.17,0.73,18.8,0.828,21.51,7.29,20.1,98.8,98.8,8.65,1.175,0.01,20.0,0.02,0.02,13,1.210,21.922,0.811,49.71359,-93.77653,398.6,6.32,12.0,722.3
2021-06-07,10:11:55,0.0,L378*F,0.20,0.85,16.6,0.493,21.63,7.33,17.6,94.1,94.1,8.20,0.700,0.01,17.6,0.16,0.17,11,1.210,22.158,0.647,49.71345,-93.77611,394.1,6.32,11.9,722.2
2021-06-07,10:23:05,0.0,L378*A,0.13,0.53,18.9,0.770,21.56,7.31,20.2,99.3,99.3,8.68,1.092,0.01,20.1,0.00,0.01,13,1.210,21.970,0.769,49.71318,-93.77621,397.5,6.32,11.9,722.1
2021-06-07,10:35:35,0.0,L378*E,0.13,0.54,18.9,0.739,21.39,7.25,20.1,99.6,99.6,8.68,1.049,0.01,20.0,0.05,0.06,13,1.210,22.133,0.733,49.71355,-93.77719,396.5,6.32,12.0,722.2
2021-06-07,10:48:13,0.0,L378*C,0.10,0.44,18.9,0.814,21.77,7.38,20.1,99.1,99.1,8.64,1.155,0.01,19.9,0.02,0.03,13,1.210,22.129,0.815,49.71339,-93.77657,398.4,6.32,12.0,722.1
2021-06-07,11:00:45,0.0,L378*I,0.12,0.51,18.9,0.846,21.63,7.33,20.0,99.4,99.4,8.64,1.201,0.01,19.9,0.01,0.02,13,1.210,22.339,0.853,49.71375,-93.77684,396.6,6.32,12.0,722.0
2021-06-07,11:12:13,0.0,L378*G,0.12,0.49,18.9,0.892,21.67,7.34,20.2,99.3,99.3,8.66,1.265,0.01,20.0,0.04,0.05,13,1.210,22.116,0.886,49.71353,-93.77627,395.5,6.32,12.0,722.2
2021-06-07,11:24:10,0.0,L378*D,0.15,0.62,18.9,0.868,21.80,7.39,20.0,98.3,98.3,8.53,1.232,0.01,19.9,0.03,0.03,13,1.210,22.379,0.870,49.71349,-93.77682,394.4,6.32,12.0,722.4
2021-06-14,09:06:37,0.0,L378*B,0.34,1.41,18.3,0.922,21.68,7.35,20.1,98.2,98.2,8.81,1.308,0.01,20.0,0.03,0.03,13,1.210,20.651,0.914,49.71329,-93.77630,396.4,6.30,12.0,729.0
2021-06-14,09:07:51,0.0,L378*B,0.41,1.71,18.3,0.918,21.72,7.36,20.1,98.4,98.4,8.83,1.302,0.01,20.0,0.03,0.03,13,1.210,20.654,0.903,49.71331,-93.77632,399.5,6.30,12.0,729.0
2021-06-14,09:45:18,0.0,L378*H,0.25,1.03,18.3,0.933,21.40,7.26,20.0,99.3,99.3,8.90,1.324,0.01,19.9,0.04,0.04,13,1.210,20.724,0.931,49.71361,-93.77653,395.5,6.31,12.0,729.3
2021-06-14,10:18:06,0.0,L378*F,0.33,1.37,18.4,0.932,21.25,7.20,20.1,99.6,99.6,8.90,1.324,0.01,19.9,0.02,0.03,13,1.210,20.848,0.938,49.71344,-93.77612,394.2,6.31,12.0,729.4
2021-06-14,10:41:25,0.0,L378*A,0.32,1.31,18.4,0.932,20.98,7.11,20.1,98.6,98.6,8.81,1.323,0.01,20.0,0.04,0.04,13,1.210,20.869,0.958,49.71320,-93.77624,397.8,6.30,11.9,729.6
2021-06-14,11:02:23,0.0,L378*E,0.11,0.48,18.5,0.932,21.22,7.19,20.2,97.5,97.5,8.70,1.322,0.01,20.0,0.02,0.02,13,1.210,20.928,0.930,49.71360,-93.77724,398.6,6.30,12.0,729.7
2021-06-14,11:25:36,0.0,L378*C,0.16,0.65,18.5,0.942,21.21,7.19,20.1,97.2,97.2,8.66,1.337,0.01,20.0,0.02,0.03,13,1.210,21.058,0.951,49.71342,-93.77663,398.3,6.30,12.0,729.9
2021-06-14,11:52:03,0.0,L378*I,0.18,0.75,18.4,0.945,21.25,7.20,20.0,100.6,100.6,8.96,1.341,0.01,19.9,0.04,0.05,13,1.210,21.073,0.958,49.71371,-93.77693,396.1,6.29,12.0,729.9
2021-06-14,12:15:50,0.0,L378*G,0.19,0.81,18.6,0.948,20.26,6.87,20.1,99.1,99.1,8.78,1.345,0.01,20.0,0.09,0.10,13,1.210,21.290,0.953,49.71355,-93.77637,398.5,6.30,12.0,730.0
2021-06-14,12:39:44,0.0,L378*D,0.15,0.63,18.6,0.954,21.13,7.16,20.1,98.6,98.6,8.75,1.354,0.01,20.0,0.06,0.06,13,1.210,21.256,0.962,49.71351,-93.77689,397.1,6.29,12.0,730.0
2021-06-21,09:09:17,0.0,L378*B,0.28,1.16,17.9,0.826,20.18,6.84,20.3,96.3,96.3,8.85,1.173,0.01,20.1,0.01,0.01,13,1.210,19.438,0.831,49.71329,-93.77634,395.7,6.29,12.0,724.1
2021-06-21,09:20:39,0.0,L378*H,0.28,1.17,17.9,0.844,20.41,6.92,20.2,96.5,96.5,8.86,1.199,0.01,20.0,0.02,0.02,13,1.210,19.521,0.847,49.71359,-93.77653,396.2,6.30,12.0,724.2
2021-06-21,09:30:53,0.0,L378*F,0.27,1.11,18.0,0.860,20.34,6.90,20.3,96.6,96.6,8.88,1.220,0.01,20.1,-0.03,-0.03,13,1.210,19.468,0.861,49.71344,-93.77612,400.1,6.29,12.0,724.1
2021-06-21,09:38:07,0.0,L378*A,0.35,1.47,17.9,0.823,20.37,6.91,20.3,96.0,96.0,8.86,1.168,0.01,20.1,0.02,0.02,13,1.210,19.284,0.828,49.71317,-93.77622,395.9,6.29,12.0,724.1
2021-06-21,09:45:50,0.0,L378*E,0.20,0.82,18.0,0.861,20.35,6.90,20.3,97.2,97.2,8.91,1.223,0.01,20.1,0.02,0.02,13,1.210,19.564,0.856,49.71357,-93.77723,401.1,6.29,12.0,724.1
2021-06-21,09:53:28,0.0,L378*C,0.15,0.65,18.0,0.816,20.57,6.97,20.3,96.7,96.7,8.89,1.159,0.01,20.1,0.03,0.04,13,1.210,19.461,0.823,49.71340,-93.77656,398.1,6.28,12.0,723.9
2021-06-21,10:01:32,0.0,L378*I,0.34,1.40,18.0,0.789,20.85,7.07,20.2,96.2,96.2,8.81,1.120,0.01,20.0,0.01,0.02,13,1.210,19.640,0.786,49.71374,-93.77686,396.1,6.28,12.0,724.0
2021-06-21,10:09:05,0.0,L378*G,0.30,1.24,18.0,0.834,19.94,6.76,20.3,96.5,96.5,8.88,1.184,0.01,20.2,-0.01,0.00,13,1.210,19.399,0.846,49.71356,-93.77629,398.5,6.28,12.0,724.0
2021-06-21,10:16:50,0.0,L378*D,0.62,2.57,18.0,0.824,20.72,7.03,20.2,97.8,97.8,8.98,1.170,0.01,20.1,-0.03,-0.03,13,1.210,19.533,0.824,49.71347,-93.77684,396.7,6.28,12.0,724.0
2021-06-28,09:28:35,0.0,L378*B,0.74,3.04,19.3,0.905,16.58,5.63,20.5,100.6,100.6,8.76,1.284,0.01,20.4,0.05,0.05,13,1.210,22.211,0.909,49.71332,-93.77640,395.1,6.27,12.0,728.1
2021-06-28,09:48:11,0.0,L378*H,0.28,1.15,19.3,0.915,16.61,5.64,20.5,99.9,99.9,8.70,1.298,0.01,20.4,0.04,0.05,13,1.210,22.197,0.902,49.71360,-93.77653,396.6,6.28,12.0,728.2
2021-06-28,10:02:59,0.0,L378*F,0.55,2.25,19.3,0.933,16.81,5.71,20.5,101.3,101.3,8.83,1.324,0.01,20.4,-0.01,-0.01,13,1.210,22.186,0.937,49.71347,-93.77612,403.4,6.28,12.0,728.2
2021-06-28,10:39:50,0.0,L378*A,0.49,2.01,19.3,0.908,16.64,5.65,20.5,101.6,101.6,8.85,1.289,0.01,20.4,0.03,0.03,13,1.210,22.186,0.931,49.71319,-93.77624,395.8,6.28,12.0,728.4
2021-06-28,10:51:39,0.0,L378*E,0.33,1.35,19.3,0.904,16.73,5.68,20.5,100.9,100.9,8.78,1.283,0.01,20.4,0.02,0.02,13,1.210,22.251,0.895,49.71357,-93.77726,395.9,6.27,12.0,728.5
2021-06-28,11:19:14,0.0,L378*C,0.09,0.37,19.3,0.898,16.91,5.74,20.4,100.4,100.4,8.73,1.274,0.01,20.3,0.04,0.04,13,1.210,22.310,0.897,49.71343,-93.77655,393.9,6.27,12.0,728.3
2021-06-28,11:31:15,0.0,L378*I,0.18,0.75,19.3,0.910,16.93,5.75,20.4,100.0,100.0,8.67,1.291,0.01,20.3,0.05,0.05,13,1.210,22.421,0.919,49.71377,-93.77685,396.9,6.26,12.0,728.4
2021-06-28,11:43:39,0.0,L378*G,0.21,0.90,19.4,0.949,16.14,5.48,20.5,102.4,102.4,8.90,1.346,0.01,20.4,0.05,0.06,13,1.210,22.355,0.929,49.71355,-93.77632,393.7,6.26,11.9,728.4
2021-06-28,11:59:19,0.0,L378*D,0.22,0.90,19.3,0.926,16.35,5.55,20.3,102.5,102.5,8.88,1.313,0.01,20.2,0.03,0.03,13,1.210,22.508,0.902,49.71350,-93.77686,396.3,6.25,12.0,728.6
2021-07-05,09:13:51,0.0,L378*A,0.35,1.45,20.7,0.852,14.81,5.04,20.6,101.6,101.6,8.37,1.208,0.01,20.6,0.00,0.01,13,1.210,25.149,0.856,49.71329,-93.77631,400.8,6.25,12.0,723.6
2021-07-05,09:28:17,0.0,L378*H,0.26,1.08,20.7,0.868,15.01,5.10,20.6,102.2,102.2,8.42,1.231,0.01,20.7,0.01,0.02,13,1.210,25.173,0.868,49.71359,-93.77653,398.2,6.27,12.0,723.9
2021-07-05,09:35:36,0.0,L378*B,0.31,1.28,20.7,0.865,14.90,5.06,20.6,101.4,101.4,8.35,1.226,0.01,20.6,0.01,0.02,13,1.210,25.163,0.860,49.71331,-93.77634,398.8,6.26,12.0,724.0
2021-07-05,09:39:00,0.0,L378*F,0.21,0.89,20.7,0.863,14.98,5.09,20.7,101.3,101.3,8.34,1.224,0.01,20.7,-0.02,-0.01,13,1.210,25.186,0.865,49.71345,-93.77612,398.8,6.25,11.9,724.0
2021-07-05,09:46:56,0.0,L378*A,0.26,1.08,20.8,0.854,14.81,5.04,20.7,101.8,101.8,8.38,1.211,0.01,20.7,0.02,0.02,13,1.210,25.171,0.862,49.71318,-93.77623,397.2,6.25,12.0,724.1
2021-07-05,09:55:36,0.0,L378*E,0.17,0.73,20.7,0.870,14.79,5.03,20.6,102.0,102.0,8.40,1.233,0.01,20.6,0.01,0.01,13,1.210,25.236,0.879,49.71355,-93.77722,398.7,6.25,11.9,724.1
2021-07-05,10:03:24,0.0,L378*C,0.19,0.81,20.7,0.876,15.35,5.22,20.6,102.0,102.0,8.40,1.242,0.01,20.7,0.03,0.04,13,1.210,25.208,0.876,49.71337,-93.77661,398.3,6.25,12.0,724.1
2021-07-05,10:11:00,0.0,L378*I,0.23,0.97,20.7,0.868,15.53,5.28,20.6,101.5,101.5,8.35,1.231,0.01,20.6,0.04,0.04,13,1.210,25.265,0.868,49.71373,-93.77687,396.1,6.25,12.0,724.0
2021-07-05,10:19:09,0.0,L378*G,0.25,1.02,20.8,0.871,14.27,4.85,20.7,102.4,102.4,8.42,1.235,0.01,20.7,0.03,0.03,13,1.210,25.268,0.872,49.71354,-93.77631,399.2,6.25,12.0,724.0
2021-07-05,10:27:15,0.0,L378*D,0.20,0.83,20.7,0.864,15.30,5.20,20.6,102.2,102.2,8.41,1.225,0.01,20.6,0.01,0.02,13,1.210,25.222,0.857,49.71343,-93.77694,398.2,6.24,11.9,724.1
2021-07-12,09:36:19,0.0,L378*B,0.41,1.71,20.1,0.826,14.74,5.01,20.8,99.2,99.2,8.47,1.171,0.01,20.7,0.06,0.06,13,1.210,23.239,0.841,49.71332,-93.77636,395.9,6.24,12.0,726.6
2021-07-12,09:51:00,0.0,L378*H,0.46,1.92,20.1,0.815,14.93,5.07,20.8,102.3,102.3,8.73,1.157,0.01,20.8,0.01,0.01,13,1.210,23.287,0.825,49.71362,-93.77655,395.4,6.25,11.9,726.4
2021-07-12,10:02:46,0.0,L378*F,0.24,0.99,20.1,0.820,15.07,5.12,20.9,98.3,98.3,8.39,1.163,0.01,20.8,0.01,0.02,14,1.210,23.279,0.768,49.71347,-93.77609,395.3,6.25,11.9,726.7
2021-07-12,10:14:37,0.0,L378*A,0.39,1.59,20.1,0.896,14.70,5.00,20.8,100.0,100.0,8.54,1.271,0.01,20.8,0.02,0.03,13,1.210,23.244,0.949,49.71320,-93.77621,398.4,6.25,12.0,726.7
2021-07-12,10:24:45,0.0,L378*E,0.38,1.59,20.0,0.906,14.56,4.95,20.7,101.5,101.5,8.64,1.285,0.01,20.7,0.00,0.01,13,1.210,23.417,0.960,49.71355,-93.77721,396.9,6.08,12.0,726.6
2021-07-12,10:34:26,0.0,L378*C,0.42,1.73,20.0,1.149,15.09,5.13,20.7,101.3,101.3,8.63,1.630,0.01,20.7,0.05,0.05,13,1.210,23.356,1.186,49.71340,-93.77659,396.8,6.25,12.0,726.7
2021-07-12,10:45:58,0.0,L378*I,0.53,2.17,20.1,0.844,15.68,5.33,20.7,101.9,101.9,8.67,1.198,0.01,20.7,0.04,0.05,13,1.210,23.448,0.853,49.71376,-93.77681,391.6,6.25,12.0,726.7
2021-07-12,10:55:18,0.0,L378*G,0.44,1.82,20.1,0.830,14.05,4.78,20.8,101.1,101.1,8.61,1.177,0.01,20.8,0.03,0.04,13,1.210,23.406,0.774,49.71356,-93.77628,397.1,6.25,12.0,726.6
2021-07-19,09:19:11,0.0,L378*B,0.71,2.94,20.6,1.043,13.38,4.56,20.9,98.6,98.6,8.27,1.479,0.01,20.9,0.00,0.01,14,1.210,24.235,1.018,49.71333,-93.77642,403.1,6.22,11.9,728.7
2021-07-19,09:25:53,0.0,L378*H,0.99,4.09,20.5,1.083,12.55,4.28,20.9,101.4,101.4,8.51,1.537,0.01,20.8,0.02,0.02,14,1.210,24.155,1.082,49.71358,-93.77657,393.4,6.24,12.0,728.8
2021-07-19,09:30:42,0.0,L378*F,0.37,1.54,20.7,0.863,13.66,4.65,21.0,99.1,99.1,8.31,1.224,0.01,21.0,0.00,0.01,14,1.210,24.243,0.851,49.71347,-93.77609,396.6,6.25,12.0,728.8
2021-07-19,09:37:25,0.0,L378*A,0.34,1.41,20.6,0.916,13.38,4.55,21.0,98.2,98.2,8.23,1.299,0.01,21.0,0.01,0.02,14,1.210,24.222,0.932,49.71320,-93.77624,394.8,6.25,12.0,729.0
2021-07-19,09:55:54,0.0,L378*I,0.61,2.50,20.5,0.660,14.42,4.90,20.8,101.0,101.0,8.46,0.937,0.01,20.8,0.03,0.03,14,1.210,24.274,0.626,49.71376,-93.77686,393.2,6.25,12.0,729.0
2021-07-19,10:00:47,0.0,L378*G,0.79,3.25,20.6,0.991,12.85,4.37,20.9,99.3,99.3,8.33,1.406,0.01,20.9,0.00,0.01,14,1.210,24.198,0.967,49.71356,-93.77629,396.8,6.23,12.0,729.0
2021-07-19,10:05:45,0.0,L378*D,0.41,1.69,20.5,1.057,13.73,4.67,20.8,100.0,100.0,8.38,1.500,0.01,20.8,-0.01,0.00,14,1.210,24.257,1.129,49.71352,-93.77686,395.3,6.24,12.0,729.0
2021-07-19,11:38:35,0.0,L378*E,0.48,2.00,20.4,0.905,13.31,4.53,20.8,101.3,101.3,8.49,1.284,0.01,20.7,0.01,0.01,13,1.210,24.207,0.901,49.71357,-93.77722,399.6,6.23,12.0,729.0
2021-07-19,11:40:34,0.0,L378*C,0.56,2.31,20.4,0.957,13.52,4.60,20.7,102.1,102.1,8.56,1.357,0.01,20.7,0.03,0.03,13,1.210,24.232,0.961,49.71344,-93.77657,398.9,6.17,12.0,729.0
2021-07-26,09:06:35,0.0,L378*B,0.22,0.90,20.2,0.605,12.73,4.34,21.0,98.7,98.7,8.45,0.858,0.01,20.9,0.03,0.04,14,1.210,23.125,0.597,49.71331,-93.77634,392.8,6.24,12.0,725.4
2021-07-26,09:17:45,0.0,L378*H,0.52,2.13,20.1,1.126,12.36,4.21,20.9,102.4,102.4,8.76,1.598,0.01,20.9,0.02,0.02,14,1.210,23.126,1.134,49.71360,-93.77654,397.4,6.25,12.0,725.3
2021-07-26,09:29:27,0.0,L378*F,0.24,1.01,20.2,0.851,12.86,4.38,21.0,100.6,100.6,8.60,1.208,0.01,20.9,0.02,0.02,14,1.210,23.194,0.832,49.71346,-93.77612,395.2,6.25,12.0,725.2
2021-07-26,09:40:09,0.0,L378*F,0.24,1.01,20.2,0.632,12.90,4.39,21.0,99.1,99.1,8.48,0.897,0.01,20.9,-0.03,-0.02,14,1.210,23.188,0.624,49.71318,-93.77621,393.2,6.25,12.0,725.3
2021-07-26,09:40:39,0.0,L378*A,0.24,1.01,20.2,0.639,12.81,4.36,21.0,99.1,99.1,8.47,0.907,0.01,20.9,0.01,0.02,14,1.210,23.202,0.650,49.71318,-93.77620,392.6,6.25,12.0,725.4
2021-07-26,09:50:17,0.0,L378*E,0.21,0.88,20.1,0.662,12.63,4.30,20.8,99.1,99.1,8.46,0.940,0.01,20.8,0.02,0.02,13,1.210,23.271,0.661,49.71356,-93.77723,392.9,6.25,12.0,725.2
2021-07-26,09:50:32,0.0,L378*E,0.24,0.99,20.1,0.685,12.59,4.29,20.8,99.2,99.2,8.46,0.972,0.01,20.8,-0.02,-0.01,13,1.210,23.275,0.684,49.71356,-93.77724,392.4,6.25,12.0,725.1
2021-07-26,10:00:50,0.0,L378*C,0.20,0.82,20.1,0.856,12.89,4.39,20.8,98.6,98.6,8.42,1.214,0.01,20.8,0.03,0.04,14,1.210,23.223,0.847,49.71339,-93.77657,397.0,6.25,12.0,725.1
2021-07-26,10:11:27,0.0,L378*I,0.37,1.53,20.0,0.841,13.33,4.54,20.8,101.5,101.5,8.66,1.193,0.01,20.7,0.03,0.03,13,1.210,23.300,0.836,49.71372,-93.77684,399.2,6.25,12.0,725.2
2021-07-26,10:23:28,0.0,L378*G,0.28,1.17,20.2,0.872,12.19,4.16,20.9,99.6,99.6,8.50,1.237,0.01,20.9,0.01,0.02,14,1.210,23.271,0.878,49.71354,-93.77630,398.1,6.25,12.0,725.3
2021-07-26,10:34:20,0.0,L378*D,0.22,0.93,20.1,0.727,12.99,4.42,20.8,101.7,101.7,8.67,1.031,0.01,20.7,0.00,0.00,13,1.210,23.340,0.732,49.71350,-93.77689,398.0,6.25,11.9,725.2
2021-08-02,09:23:45,0.0,L378*B,0.53,2.19,19.9,1.071,12.17,4.15,21.1,98.1,98.1,8.55,1.520,0.01,21.0,0.02,0.02,14,1.210,22.173,1.097,49.71329,-93.77633,397.7,6.23,12.0,729.2
2021-08-02,09:39:01,0.0,L378*H,0.35,1.44,19.9,0.748,11.71,3.99,21.2,99.7,99.7,8.69,1.061,0.01,21.0,0.01,0.02,14,1.210,22.127,0.761,49.71360,-93.77656,393.5,6.23,12.0,729.2
2021-08-02,09:49:12,0.0,L378*F,0.37,1.53,19.9,0.676,12.13,4.13,21.1,100.3,100.3,8.73,0.959,0.01,21.0,0.04,0.05,14,1.211,22.201,0.682,49.71347,-93.77612,396.4,6.24,12.0,729.1
2021-08-02,09:58:55,0.0,L378*A,0.33,1.37,19.9,0.600,12.24,4.17,21.2,99.0,99.0,8.63,0.851,0.01,21.1,0.03,0.03,14,1.211,22.202,0.582,49.71319,-93.77621,395.3,6.24,12.0,729.1
2021-08-02,10:07:58,0.0,L378*E,0.19,0.78,19.9,0.689,12.17,4.15,21.1,97.2,97.2,8.44,0.978,0.01,21.0,0.02,0.02,14,1.211,22.338,0.707,49.71353,-93.77723,393.7,6.24,12.0,729.0
2021-08-02,10:17:17,0.0,L378*C,0.19,0.78,19.9,0.672,12.22,4.16,21.1,97.5,97.5,8.47,0.954,0.01,21.0,-0.03,-0.02,14,1.210,22.328,0.665,49.71340,-93.77654,394.6,6.24,12.0,729.0
2021-08-02,10:28:11,0.0,L378*I,0.23,0.94,19.9,0.658,12.43,4.23,21.0,99.7,99.7,8.64,0.933,0.01,20.9,0.00,0.00,14,1.210,22.470,0.660,49.71374,-93.77686,395.5,6.24,12.0,728.9
2021-08-02,10:36:53,0.0,L378*G,0.30,1.24,20.0,0.636,11.45,3.91,21.1,98.7,98.7,8.58,0.902,0.01,21.0,0.00,0.00,14,1.210,22.354,0.620,49.71355,-93.77630,397.1,6.24,12.0,728.9
2021-08-02,10:47:46,0.0,L378*D,0.31,1.29,19.9,0.745,11.78,4.01,21.0,100.1,100.1,8.67,1.058,0.01,20.9,0.02,0.02,14,1.210,22.498,0.779,49.71350,-93.77686,397.3,6.23,12.0,728.8
2021-08-09,09:08:07,0.0,L378*H,1.59,6.51,19.9,1.319,10.99,3.75,21.3,99.3,99.3,8.69,1.873,0.01,21.2,0.10,0.11,14,1.211,21.951,1.329,49.71360,-93.77654,395.6,6.18,12.0,721.2
2021-08-09,09:20:18,0.0,L378*B,0.45,1.87,19.9,1.059,11.43,3.90,21.3,98.6,98.6,8.62,1.502,0.01,21.1,0.03,0.04,14,1.211,21.998,1.054,49.71329,-93.77631,395.9,6.20,12.0,721.3
2021-08-09,09:29:42,0.0,L378*F,0.72,2.95,19.9,1.267,11.60,3.95,21.2,100.8,100.8,8.81,1.798,0.01,21.1,0.03,0.03,14,1.211,22.035,1.267,49.71347,-93.77613,394.9,5.67,12.0,721.4
2021-08-09,09:38:51,0.0,L378*A,0.55,2.27,20.0,0.986,11.77,4.01,21.3,99.4,99.4,8.69,1.399,0.01,21.2,0.00,0.00,14,1.211,22.024,0.994,49.71320,-93.77624,398.6,6.19,12.0,721.4
2021-08-09,09:50:06,0.0,L378*E,0.20,0.83,19.9,0.971,11.47,3.91,21.2,98.3,98.3,8.58,1.377,0.01,21.0,0.03,0.04,14,1.211,22.080,0.981,49.71354,-93.77725,395.9,6.20,12.0,721.3
2021-08-09,10:00:04,0.0,L378*C,0.28,1.18,19.9,1.321,11.84,4.03,21.1,99.1,99.1,8.65,1.875,0.01,21.0,-0.03,-0.03,14,1.210,22.069,1.328,49.71346,-93.77659,395.5,6.21,12.0,721.3
2021-08-09,10:08:02,0.0,L378*I,0.42,1.72,19.8,1.066,12.00,4.09,21.1,100.5,100.5,8.76,1.512,0.01,20.9,0.03,0.04,14,1.211,22.123,1.063,49.71373,-93.77684,399.3,6.21,12.0,721.1
2021-08-09,10:15:29,0.0,L378*G,0.49,2.01,20.0,1.182,11.31,3.86,21.3,98.6,98.6,8.61,1.678,0.01,21.2,0.02,0.02,14,1.211,22.090,1.181,49.71357,-93.77631,399.9,6.20,12.0,721.1
2021-08-09,10:23:43,0.0,L378*D,0.34,1.39,19.9,1.129,11.77,4.01,21.2,98.5,98.5,8.59,1.602,0.01,21.1,-0.01,0.00,14,1.211,22.140,1.129,49.71350,-93.77685,400.9,6.17,12.0,721.3
2021-08-09,10:33:30,0.0,L378,0.28,1.17,19.1,1.038,17.20,5.84,20.3,101.0,101.0,8.82,1.473,0.01,20.2,0.01,0.01,13,1.211,22.111,1.042,49.70984,-93.77612,393.6,6.20,11.9,721.5
